<beans
  xmlns="http://www.springframework.org/schema/beans"
  xmlns:amq="http://activemq.apache.org/schema/core"
  xmlns:xsi="http://www.w3.org/2001/XMLSchema-instance"
  xsi:schemaLocation="http://www.springframework.org/schema/beans http://www.springframework.org/schema/beans/spring-beans-2.0.xsd
  http://activemq.apache.org/schema/core http://activemq.apache.org/schema/core/activemq-core.xsd
  http://activemq.apache.org/camel/schema/spring http://activemq.apache.org/camel/schema/spring/camel-spring.xsd">

    <bean class="org.springframework.beans.factory.config.PropertyPlaceholderConfigurer">
        <property name="locations">
            <value>file:${activemq.base}/conf/credentials.properties</value>
        </property>
    </bean>

    <!--
      For more information about what MCollective requires in this file,
      see http://docs.puppetlabs.com/mcollective/deploy/middleware/activemq.html
    -->

    <!--
      WARNING: The elements that are direct children of <broker> MUST BE IN
      ALPHABETICAL ORDER. This is fixed in ActiveMQ 5.6.0, but affects
      previous versions back to 5.4.
      https://issues.apache.org/jira/browse/AMQ-3570
    -->

    <!-- In a network of brokers, the brokerName attribute must be unique. -->
    <broker xmlns="http://activemq.apache.org/schema/core" brokerName="broker2" useJmx="true" schedulePeriodForDestinationPurge="60000">
        <!--
          MCollective generally expects producer flow control to be turned off.
          It will also generate a limitless number of single-use reply queues,
          which should be garbage-collected after about five minutes to conserve
          memory.

          For more information, see:
          http://activemq.apache.org/producer-flow-control.html
        -->
        <destinationPolicy>
          <policyMap>
            <policyEntries>
              <policyEntry topic=">" producerFlowControl="false"/>
              <policyEntry queue="*.reply.>" gcInactiveDestinations="true" inactiveTimoutBeforeGC="300000" />
            </policyEntries>
          </policyMap>
        </destinationPolicy>

        <managementContext>
            <managementContext createConnector="false"/>
        </managementContext>

        <!--
          Configure message persistence for the broker. MCollective only
          requires this in a network of brokers, where it's used to prevent
          duplicate messages.

          The default persistence mechanism is the KahaDB store (identified by
          the kahaDB tag). For more information, see:

          http://activemq.apache.org/persistence.html
        -->
        <persistenceAdapter>
            <kahaDB directory="${activemq.base}/data/kahadb"/>
        </persistenceAdapter>

        <plugins>
          <statisticsBrokerPlugin/>

          <!--
            This configures the users and groups used by this broker. Groups
            are referenced below, in the write/read/admin attributes
            of each authorizationEntry element.
          -->
          <simpleAuthenticationPlugin>
            <users>
              <authenticationUser username="amq" password="secret" groups="admins,everyone"/>
              <authenticationUser username="mcollective" password="marionette" groups="mcollective,everyone"/>
              <authenticationUser username="admin" password="secret" groups="mcollective,admins,everyone"/>
            </users>
          </simpleAuthenticationPlugin>

          <!--
            Configure which users are allowed to read and write where. Permissions
            are organized by group; groups are configured above, in the
            authentication plugin.

            With the rules below, both servers and admin users belong to group
            mcollective, which can both issue and respond to commands. For an
            example that splits permissions and doesn't allow servers to issue
            commands, see:
            http://docs.puppetlabs.com/mcollective/deploy/middleware/activemq.html#detailed-restrictions
          -->
          <authorizationPlugin>
            <map>
              <authorizationMap>
                <authorizationEntries>
                  <authorizationEntry queue=">" write="admins" read="admins" admin="admins" />
                  <authorizationEntry topic=">" write="admins" read="admins" admin="admins" />
                  <authorizationEntry topic="mcollective.>" write="mcollective" read="mcollective" admin="mcollective" />
                  <authorizationEntry queue="mcollective.>" write="mcollective" read="mcollective" admin="mcollective" />
                  <!--
                    The advisory topics are part of ActiveMQ, and all users need access to them.
                    The "everyone" group is not special; you need to ensure every user is a member.
                  -->
                  <authorizationEntry topic="ActiveMQ.Advisory.>" read="everyone" write="everyone" admin="everyone"/>
                </authorizationEntries>
              </authorizationMap>
            </map>
          </authorizationPlugin>
        </plugins>

        <!--
          The systemUsage controls the maximum amount of space the broker will
          use for messages. For more information, see:
          http://docs.puppetlabs.com/mcollective/deploy/middleware/activemq.html#memory-and-temp-usage-for-messages-systemusage
        -->
        <systemUsage>
            <systemUsage>
                <memoryUsage>
                    <memoryUsage limit="20 mb"/>
                </memoryUsage>
                <storeUsage>
                    <storeUsage limit="1 gb" name="foo"/>
                </storeUsage>
                <tempUsage>
                    <tempUsage limit="100 mb"/>
                </tempUsage>
            </systemUsage>
        </systemUsage>

        <!--
          The transport connectors allow ActiveMQ to listen for connections over
          a given protocol. MCollective uses Stomp, and other ActiveMQ brokers
          use OpenWire. You'll need different URLs depending on whether you are
          using TLS. For more information, see:

          http://docs.puppetlabs.com/mcollective/deploy/middleware/activemq.html#transport-connectors
        -->
        <transportConnectors>
            <transportConnector name="openwire" uri="tcp://0.0.0.0:61616"/>
            <transportConnector name="stomp+nio" uri="stomp+nio://0.0.0.0:61613"/>
            <!-- If using TLS, uncomment this and comment out the previous connector:
              <transportConnector name="stomp+ssl" uri="stomp+ssl://0.0.0.0:61614?needClientAuth=true"/>
            -->
        </transportConnectors>
    </broker>

    <!--
      Enable web consoles, REST and Ajax APIs and demos.
      It also includes Camel (with its web console); see ${ACTIVEMQ_HOME}/conf/camel.xml for more info.

      See ${ACTIVEMQ_HOME}/conf/jetty.xml for more details.
    -->
    <import resource="jetty.xml"/>
</beans>
